t,y1,y2
0.0004,-0.7785,0.0
0.1004,0.4422,-0.0042
0.2004,-1.2092,-0.0065
0.3004,0.0115,0.0054
0.4004,0.0115,0.0025
0.5004,-0.7785,-0.0126
0.6004,-1.2092,-0.0383
0.7004,1.2322,-0.0701
0.8004,-0.7785,-0.0612
0.9004,-0.7785,-0.0564
1.0004,-1.2092,-0.0491
1.1004,0.4422,-0.042
1.2004,0.0115,-0.0333
1.3004,0.0115,-0.0706
1.4004,-1.2092,-0.0526
1.5004,0.4422,-0.0221
1.6004,-0.7785,0.0279
1.7004,1.2322,0.0446
1.8004,-1.2092,0.0494
1.9004,-0.7785,0.0667
2.0004,0.0115,0.0576
2.1004,-0.7785,0.0317
2.2004,-1.2092,0.0053
2.3004,0.0115,0.0237
2.4004,-0.7785,0.0079
2.5004,0.4422,-0.0001
2.6004,-1.2092,-0.0376
2.7004,0.0115,-0.0204
2.8004,0.0115,-0.0344
2.9004,-1.2092,-0.0665
3.0004,-0.7785,-0.0673
3.1004,-0.7785,-0.0442
3.2004,1.6629,-0.017
3.3004,-1.2092,-0.0002
3.4004,-0.7785,-0.0044
3.5004,1.2322,-0.0186
3.6004,0.0115,-0.0317
3.7004,0.0115,-0.0643
3.8004,-0.7785,-0.0502
3.9004,-0.7785,-0.043
4.0004,-1.2092,-0.0284
4.1004,-0.7785,-0.0322
4.2004,-1.2092,-0.0478
4.3004,-1.2092,-0.0616
4.4004,0.0115,-0.0732
4.5004,-0.7785,-0.0604
4.6004,-0.7785,-0.0423
4.7004,-0.7785,-0.0144
4.8004,-0.7785,-0.0076
4.9004,-1.2092,-0.0021
5.0004,-1.2092,-0.0124
5.1004,-1.2092,-0.0354
5.2004,1.2322,-0.0455
5.3004,-0.7785,-0.0607
5.4004,0.0115,-0.0394
5.5004,0.0115,-0.023
5.6004,1.2322,-0.0212
5.7004,-1.2092,-0.0307
5.8004,-1.2092,-0.0536
5.9004,-1.2092,-0.0595
6.0004,-0.7785,-0.0602
6.1004,-0.7785,-0.037
6.2004,-0.7785,-0.0102
6.3004,-1.2092,0.0258
6.4004,0.0115,0.0296
6.5004,0.0115,-0.0055
6.6004,-1.2092,-0.0303
6.7004,-1.2092,-0.0465
6.8004,-0.7785,-0.0263
6.9004,-0.7785,0.0042
7.0004,-0.7785,0.0244
7.1004,0.4422,0.0447
7.2004,0.0115,0.0261
7.3004,-0.7785,-0.0085
7.4004,-1.2092,-0.0334
7.5004,0.4422,-0.0389
7.6004,-0.7785,-0.0113
7.7004,0.4422,0.0098
7.8004,-1.2092,0.011
7.9004,-1.2092,-0.0187
8.0004,0.0115,-0.0437
8.1004,-0.7785,-0.0856
8.2004,-0.7785,-0.098
8.3004,-1.2092,-0.0794
8.4004,0.0115,-0.0571
8.5004,0.4422,-0.0331
8.6004,0.0115,-0.0123
8.7004,-1.2092,0.0083
8.8004,-0.7785,0.01
8.9004,-0.7785,0.0255
9.0004,0.4422,0.0433
9.1004,1.6629,0.0667
9.2004,-1.2092,0.095
9.3004,0.4422,0.1326
9.4004,-1.2092,0.1594
9.5004,1.6629,0.2961
9.6004,-0.7785,0.6562
9.7004,0.0115,1.3344
9.8004,0.0115,2.2736
9.9004,-0.7785,3.5522
10.0004,4.8943,5.1557
10.1004,6.115,7.0493
10.2004,12.2186,9.2033
10.3004,10.9979,11.6238
10.4004,18.3221,14.2733
10.5004,14.66,17.0682
10.6004,18.3221,19.9149
10.7004,24.4256,22.7233
10.8004,25.6463,25.5478
10.9004,26.867,28.2405
11.0004,31.7498,30.8943
11.1004,34.1912,33.555
11.2004,36.6326,36.139
11.3004,37.8533,38.6204
11.4004,43.9568,41.159
11.5004,45.1775,43.6629
11.6004,45.1775,46.0467
11.7004,48.8396,48.4876
11.8004,52.5018,50.8987
11.9004,52.5018,53.3533
12.0004,54.9432,55.701
12.1004,57.3846,57.9573
12.2004,61.0467,60.2269
12.3004,63.4881,62.5096
12.4004,65.9295,64.7039
12.5004,65.9295,66.8284
12.6004,69.5916,68.969
12.7004,70.8123,70.9969
12.8004,73.2537,73.0301
12.9004,74.4744,75.0047
13.0004,78.1365,76.969
13.1004,79.3572,78.9808
13.2004,80.5779,80.992
13.3004,83.0193,82.9168
13.4004,85.4607,84.8621
13.5004,87.9021,86.8001
13.6004,90.3436,88.7063
13.7004,91.5643,90.5838
13.8004,92.785,92.3206
13.9004,94.0057,94.0525
14.0004,98.8885,95.8509
14.1004,98.8885,97.5452
14.2004,97.6678,99.1185
14.3004,100.1092,100.8152
14.4004,102.5506,102.4212
14.5004,103.7713,104.0047
14.6004,106.2127,105.577
14.7004,109.8748,107.1009
14.8004,113.5369,108.6741
14.9004,115.9783,110.1507
15.0004,111.0955,111.5232
15.1004,112.3162,112.908
15.2004,112.3162,114.3875
15.3004,114.7576,115.7308
15.4004,117.199,117.0525
15.5004,115.9783,118.3514
15.6004,119.6404,119.6702
15.7004,123.3025,120.9764
15.8004,124.5232,122.2034
15.9004,120.8611,123.5091
16.0004,123.3025,124.7923
16.1004,126.9646,126.0467
16.2004,126.9646,127.2659
16.3004,128.1854,128.4349
16.4004,128.1854,129.6043
16.5004,129.4061,130.7693
16.6004,133.0682,131.8733
16.7004,133.0682,132.907
16.8004,134.2889,134.0184
16.9004,136.7303,135.1355
17.0004,136.7303,136.2381
17.1004,135.5096,137.2313
17.2004,135.5096,138.1722
17.3004,142.8338,139.1512
17.4004,141.6131,140.1966
17.5004,141.6131,141.2015
17.6004,141.6131,142.1985
17.7004,142.8338,143.2215
17.8004,144.0545,144.2679
17.9004,147.7166,145.2244
18.0004,145.2752,146.1375
18.1004,147.7166,147.0755
18.2004,147.7166,148.0125
18.3004,151.3787,148.9271
18.4004,150.158,149.7708
18.5004,148.9373,150.5965
18.6004,151.3787,151.3714
18.7004,152.5994,152.1668
18.8004,152.5994,152.8406
18.9004,155.0408,153.4944
19.0004,153.8201,154.2649
19.1004,157.4822,154.9827
19.2004,153.8201,155.679
19.3004,157.4822,156.4065
19.4004,158.7029,157.1326
19.5004,156.2615,157.9056
19.6004,157.4822,158.7483
19.7004,158.7029,159.5467
19.8004,163.5857,160.3489
19.9004,161.1443,161.1082
20.0004,163.5857,161.7913
20.1004,161.1443,162.5477
20.2004,166.0271,163.3084
20.3004,164.8064,164.0301
20.4004,166.0271,164.7449
20.5004,164.8064,165.4261
20.6004,166.0271,166.0535
20.7004,168.4686,166.6038
20.8004,168.4686,167.1937
20.9004,168.4686,167.7957
21.0004,168.4686,168.3724
21.1004,169.6893,168.8953
21.2004,169.6893,169.4476
21.3004,172.1307,169.9466
21.4004,170.91,170.4671
21.5004,172.1307,170.9212
21.6004,169.6893,171.3543
21.7004,172.1307,171.9217
21.8004,173.3514,172.4046
21.9004,174.5721,172.8929
22.0004,172.1307,173.3626
22.1004,175.7928,173.8821
22.2004,174.5721,174.326
22.3004,177.0135,174.8099
22.4004,175.7928,175.1937
22.5004,174.5721,175.6619
22.6004,175.7928,176.0584
22.7004,175.7928,176.4271
22.8004,178.2342,176.8577
22.9004,177.0135,177.2474
23.0004,178.2342,177.6331
23.1004,178.2342,178.0042
23.2004,178.2342,178.4163
23.3004,183.117,178.7908
23.4004,181.8963,179.1785
23.5004,179.4549,179.5101
23.6004,179.4549,179.907
23.7004,180.6756,180.2337
23.8004,180.6756,180.5618
23.9004,184.3377,180.9329
24.0004,183.117,181.2845
24.1004,191.6619,181.6707
24.2004,185.5584,182.0115
24.3004,185.5584,182.3914
24.4004,181.8963,182.8016
24.5004,181.8963,183.2078
24.6004,179.4549,183.6595
24.7004,178.2342,184.1038
24.8004,179.4549,184.4803
24.9004,185.5584,184.8436
25.0004,185.5584,185.2283
25.1004,187.9998,185.573
25.2004,186.7791,185.9529
25.3004,186.7791,186.2649
25.4004,187.9998,186.5188
25.5004,185.5584,186.804
25.6004,187.9998,187.0872
25.7004,187.9998,187.3631
25.8004,186.7791,187.5975
25.9004,186.7791,187.9056
26.0004,189.2205,188.1766
26.1004,187.9998,188.4324
26.2004,189.2205,188.6014
26.3004,185.5584,188.845
26.4004,189.2205,189.1199
26.5004,191.6619,189.3567
26.6004,190.4412,189.5662
26.7004,189.2205,189.8118
26.8004,190.4412,190.1282
26.9004,189.2205,190.4251
27.0004,190.4412,190.7015
27.1004,192.8826,191.0105
27.2004,192.8826,191.3372
27.3004,192.8826,191.6106
27.4004,192.8826,191.827
27.5004,191.6619,192.0042
27.6004,192.8826,192.2283
27.7004,192.8826,192.4173
27.8004,192.8826,192.5799
27.9004,192.8826,192.6468
28.0004,191.6619,192.7596
28.1004,191.6619,192.8963
28.2004,194.1033,193.0218
28.3004,192.8826,193.1409
28.4004,191.6619,193.285
28.5004,191.6619,193.3987
28.6004,197.7654,193.5232
28.7004,196.5447,193.6072
28.8004,192.8826,193.6849
28.9004,192.8826,193.8338
29.0004,195.324,193.9759
29.1004,192.8826,194.0799
29.2004,194.1033,194.2386
29.3004,194.1033,194.3733
29.4004,191.6619,194.5691
29.5004,195.324,194.8387
29.6004,194.1033,195.0569
29.7004,194.1033,195.24
29.8004,195.324,195.4114
29.9004,194.1033,195.5335
30.0004,197.7654,195.6409
30.1004,197.7654,195.7005
30.2004,196.5447,195.7425
30.3004,195.324,195.8392
30.4004,195.324,195.9188
30.5004,197.7654,196.0745
30.6004,195.324,196.1111
30.7004,195.324,196.1761
30.8004,192.8826,196.284
30.9004,196.5447,196.3396
31.0004,196.5447,196.4573
31.1004,197.7654,196.5857
31.2004,197.7654,196.7166
31.3004,194.1033,196.8841
31.4004,197.7654,197.0125
31.5004,195.324,197.0682
31.6004,195.324,197.2195
31.7004,196.5447,197.4407
31.8004,197.7654,197.6727
31.9004,198.9861,198.0125
32.0004,196.5447,198.2615
32.1004,196.5447,198.4813
32.2004,196.5447,198.7649
32.3004,197.7654,198.9183
32.4004,197.7654,199.0784
32.5004,198.9861,199.2356
32.6004,200.2068,199.3831
32.7004,201.4275,199.5223
32.8004,196.5447,199.5911
32.9004,200.2068,199.5711
33.0004,202.6482,199.5838
33.1004,200.2068,199.6102
33.2004,201.4275,199.5716
33.3004,197.7654,199.6312
33.4004,198.9861,199.7151
33.5004,200.2068,199.8328
33.6004,198.9861,199.9129
33.7004,201.4275,200.0062
33.8004,200.2068,200.0784
33.9004,200.2068,200.1756
34.0004,201.4275,200.3035
34.1004,198.9861,200.4407
34.2004,202.6482,200.5857
34.3004,197.7654,200.6448
34.4004,200.2068,200.575
34.5004,201.4275,200.5257
34.6004,202.6482,200.5247
34.7004,200.2068,200.4524
34.8004,197.7654,200.4593
34.9004,197.7654,200.4358
35.0004,201.4275,200.4095
35.1004,196.5447,200.3265
35.2004,201.4275,200.2952
35.3004,201.4275,200.2806
35.4004,198.9861,200.4329
35.5004,200.2068,200.4891
35.6004,200.2068,200.4988
35.7004,205.0896,200.5296
35.8004,198.9861,200.5784
35.9004,198.9861,200.6297
36.0004,201.4275,200.6907
36.1004,201.4275,200.8143
36.2004,201.4275,200.8426
36.3004,200.2068,200.931
36.4004,200.2068,201.0042
36.5004,200.2068,201.1946
36.6004,201.4275,201.3855
36.7004,201.4275,201.5257
36.8004,201.4275,201.6653
36.9004,202.6482,201.7908
37.0004,202.6482,201.8362
37.1004,201.4275,201.9275
37.2004,201.4275,202.0062
37.3004,201.4275,202.0643
37.4004,202.6482,202.0828
37.5004,201.4275,201.9939
37.6004,200.2068,201.9256
37.7004,202.6482,201.9524
37.8004,202.6482,201.9393
37.9004,202.6482,202.0149
38.0004,202.6482,202.0599
38.1004,200.2068,202.0291
38.2004,202.6482,202.0574
38.3004,200.2068,201.992
38.4004,200.2068,201.9739
38.5004,200.2068,202.0452
38.6004,201.4275,202.0081
38.7004,202.6482,201.969
38.8004,200.2068,201.9271
38.9004,200.2068,201.8846
39.0004,201.4275,201.9012
39.1004,200.2068,201.9227
39.2004,200.2068,201.9056
39.3004,200.2068,202.0477
39.4004,202.6482,202.0994
39.5004,202.6482,202.0911
39.6004,201.4275,202.1741
39.7004,205.0896,202.1722
39.8004,201.4275,202.2503
39.9004,198.9861,202.2605
40.0004,200.2068,202.3079
40.1004,201.4275,202.3558
40.2004,201.4275,202.3997
40.3004,202.6482,202.3387
40.4004,202.6482,202.2962
40.5004,202.6482,202.3123
40.6004,200.2068,202.2967
40.7004,202.6482,202.3182
40.8004,201.4275,202.2874
40.9004,200.2068,202.3396
41.0004,201.4275,202.3289
41.1004,200.2068,202.3294
41.2004,200.2068,202.3597
41.3004,203.8689,202.3992
41.4004,203.8689,202.5081
41.5004,201.4275,202.4983
41.6004,203.8689,202.5271
41.7004,205.0896,202.5418
41.8004,205.0896,202.5384
41.9004,202.6482,202.4979
42.0004,202.6482,202.4998
42.1004,200.2068,202.4856
42.2004,202.6482,202.4842
42.3004,203.8689,202.4593
42.4004,201.4275,202.428
42.5004,203.8689,202.4793
42.6004,200.2068,202.4866
42.7004,202.6482,202.5799
42.8004,201.4275,202.6263
42.9004,201.4275,202.7347
43.0004,202.6482,202.7898
43.1004,201.4275,202.8558
43.2004,201.4275,202.888
43.3004,202.6482,202.9271
43.4004,201.4275,202.9549
43.5004,202.6482,202.9373
43.6004,202.6482,202.9451
43.7004,201.4275,202.9231
43.8004,202.6482,202.9822
43.9004,203.8689,202.9212
44.0004,202.6482,202.9222
44.1004,201.4275,202.9002
44.2004,205.0896,202.8685
44.3004,202.6482,202.8978
44.4004,201.4275,202.8924
44.5004,202.6482,202.9168
44.6004,202.6482,202.9588
44.7004,201.4275,202.9349
44.8004,203.8689,202.9285
44.9004,200.2068,202.9456
45.0004,202.6482,202.9573
45.1004,202.6482,202.9842
45.2004,201.4275,203.0579
45.3004,203.8689,203.1204
45.4004,203.8689,203.181
45.5004,202.6482,203.2605
45.6004,202.6482,203.3938
45.7004,201.4275,203.5218
45.8004,202.6482,203.596
45.9004,203.8689,203.6678
46.0004,205.0896,203.7483
46.1004,205.0896,203.827
46.2004,202.6482,203.9554
46.3004,203.8689,204.0691
46.4004,205.0896,204.1111
46.5004,205.0896,204.1028
46.6004,202.6482,204.054
46.7004,203.8689,204.1004
46.8004,202.6482,204.073
46.9004,203.8689,204.0359
47.0004,205.0896,204.0057
47.1004,205.0896,203.949
47.2004,202.6482,203.8157
47.3004,202.6482,203.7308
47.4004,203.8689,203.7083
47.5004,202.6482,203.6702
47.6004,203.8689,203.6668
47.7004,205.0896,203.6092
47.8004,203.8689,203.6517
47.9004,202.6482,203.7054
48.0004,203.8689,203.6604
48.1004,203.8689,203.6307
48.2004,203.8689,203.6268
48.3004,203.8689,203.6043
48.4004,205.0896,203.5892
48.5004,203.8689,203.6824
48.6004,203.8689,203.6946
48.7004,203.8689,203.6648
48.8004,203.8689,203.5955
48.9004,203.8689,203.5394
49.0004,205.0896,203.5687
49.1004,205.0896,203.6419
49.2004,200.2068,203.6761
49.3004,201.4275,203.7127
49.4004,205.0896,203.722
49.5004,200.2068,203.6995
49.6004,202.6482,203.7542
49.7004,201.4275,203.8367
49.8004,201.4275,203.8973
49.9004,201.4275,203.9183
50.0004,203.8689,203.9075
50.1004,205.0896,203.8968
50.2004,201.4275,203.8567
50.3004,205.0896,203.8294
50.4004,205.0896,203.8455
50.5004,205.0896,203.7864
50.6004,206.3104,203.6985
50.7004,202.6482,203.6614
50.8004,205.0896,203.6248
50.9004,202.6482,203.6321
51.0004,206.3104,203.66
51.1004,205.0896,203.6458
51.2004,202.6482,203.7205
51.3004,203.8689,203.7303
51.4004,203.8689,203.742
51.5004,203.8689,203.6883
51.6004,201.4275,203.6697
51.7004,202.6482,203.6463
51.8004,201.4275,203.5906
51.9004,201.4275,203.4891
52.0004,203.8689,203.4222
52.1004,202.6482,203.4095
52.2004,202.6482,203.4056
52.3004,203.8689,203.3558
52.4004,202.6482,203.2894
52.5004,202.6482,203.2562
52.6004,203.8689,203.2542
52.7004,205.0896,203.2566
52.8004,203.8689,203.2996
52.9004,203.8689,203.3328
53.0004,203.8689,203.3729
53.1004,205.0896,203.4324
53.2004,202.6482,203.3924
53.3004,205.0896,203.4632
53.4004,203.8689,203.5335
53.5004,205.0896,203.6346
53.6004,202.6482,203.7039
53.7004,201.4275,203.7259
53.8004,201.4275,203.7688
53.9004,203.8689,203.8587
54.0004,201.4275,203.8753
54.1004,205.0896,203.9007
54.2004,201.4275,204.0125
54.3004,202.6482,204.0271
54.4004,203.8689,204.013
54.5004,203.8689,204.0257
54.6004,203.8689,204.0022
54.7004,202.6482,203.9568
54.8004,205.0896,203.9012
54.9004,205.0896,203.8797
55.0004,206.3104,203.8338
55.1004,205.0896,203.741
55.2004,202.6482,203.6399
55.3004,206.3104,203.6341
55.4004,203.8689,203.6307
55.5004,203.8689,203.5862
55.6004,202.6482,203.554
55.7004,206.3104,203.5701
55.8004,201.4275,203.5887
55.9004,202.6482,203.6258
56.0004,200.2068,203.7508
56.1004,200.2068,203.8875
56.2004,201.4275,203.8836
56.3004,200.2068,203.7908
56.4004,201.4275,203.741
56.5004,206.3104,203.7669
56.6004,205.0896,203.7693
56.7004,205.0896,203.8006
56.8004,203.8689,203.8304
56.9004,205.0896,203.8187
57.0004,203.8689,203.7342
57.1004,203.8689,203.6307
57.2004,205.0896,203.6556
57.3004,206.3104,203.7796
57.4004,207.5311,203.8699
57.5004,207.5311,203.8665
57.6004,202.6482,203.9222
57.7004,205.0896,203.9046
57.8004,202.6482,203.8865
57.9004,202.6482,203.8294
58.0004,200.2068,203.7835
58.1004,200.2068,203.701
58.2004,200.2068,203.6185
58.3004,200.2068,203.5047
58.4004,201.4275,203.4471
58.5004,202.6482,203.4378
58.6004,202.6482,203.3865
58.7004,205.0896,203.4764
58.8004,202.6482,203.5418
58.9004,206.3104,203.6312
59.0004,201.4275,203.743
59.1004,203.8689,203.9031
59.2004,202.6482,204.0042
59.3004,206.3104,204.1194
59.4004,207.5311,204.1946
59.5004,207.5311,204.3074
59.6004,207.5311,204.4163
59.7004,208.7518,204.4319
59.8004,207.5311,204.4886
59.9004,202.6482,204.4642
60.0004,202.6482,204.4437
60.1004,201.4275,204.3685
60.2004,198.9861,204.3187
60.3004,198.9861,204.2513
60.4004,200.2068,204.1932
60.5004,203.8689,204.1331
60.6004,206.3104,204.0662
60.7004,206.3104,203.9861
60.8004,205.0896,203.8152
60.9004,202.6482,203.7835
61.0004,202.6482,203.7103
61.1004,202.6482,203.7068
61.2004,205.0896,203.743
61.3004,203.8689,203.7854
61.4004,209.9725,203.8245
61.5004,212.4139,203.806
61.6004,217.2967,203.7918
61.7004,219.7381,203.7625
61.8004,216.076,203.8611
61.9004,201.4275,203.8797
62.0004,195.324,203.9588
62.1004,190.4412,204.0667
62.2004,194.1033,204.1673
62.3004,189.2205,204.2386
62.4004,191.6619,204.264
62.5004,200.2068,204.3274
62.6004,206.3104,204.3226
62.7004,209.9725,204.3421
62.8004,211.1932,204.2923
62.9004,207.5311,204.2898
63.0004,205.0896,204.2527
63.1004,203.8689,204.1512
63.2004,206.3104,204.0315
63.3004,205.0896,203.9383
63.4004,206.3104,203.8763
63.5004,206.3104,203.9217
63.6004,205.0896,204.0081
63.7004,203.8689,204.0691
63.8004,206.3104,204.1438
63.9004,203.8689,204.1683
64.0004,205.0896,204.22
64.1004,201.4275,204.2698
64.2004,205.0896,204.3777
64.3004,205.0896,204.4549
64.4004,201.4275,204.5154
64.5004,202.6482,204.4368
64.6004,201.4275,204.3455
64.7004,205.0896,204.2933
64.8004,202.6482,204.2596
64.9004,202.6482,204.2684
65.0004,202.6482,204.2469
65.1004,196.5447,204.2303
65.2004,205.0896,204.1507
65.3004,206.3104,204.1102
65.4004,205.0896,204.0843
65.5004,206.3104,204.053
65.6004,206.3104,204.116
65.7004,205.0896,204.0779
65.8004,206.3104,204.1048
65.9004,205.0896,204.0936
66.0004,203.8689,204.0882
66.1004,200.2068,204.1146
66.2004,200.2068,204.1136
66.3004,201.4275,204.0867
66.4004,203.8689,204.0521
66.5004,205.0896,204.0184
66.6004,203.8689,203.9349
66.7004,203.8689,203.9251
66.8004,201.4275,203.8831
66.9004,198.9861,203.8465
67.0004,200.2068,203.7698
67.1004,197.7654,203.7117
67.2004,206.3104,203.6854
67.3004,206.3104,203.6688
67.4004,207.5311,203.7181
67.5004,209.9725,203.8167
67.6004,207.5311,203.8831
67.7004,207.5311,203.9622
67.8004,207.5311,204.0071
67.9004,205.0896,204.0477
68.0004,202.6482,204.1063
68.1004,205.0896,204.1692
68.2004,202.6482,204.3006
68.3004,205.0896,204.3772
68.4004,203.8689,204.3421
68.5004,206.3104,204.2635
68.6004,206.3104,204.2474
68.7004,205.0896,204.2776
68.8004,200.2068,204.2845
68.9004,196.5447,204.2615
69.0004,198.9861,204.2776
69.1004,196.5447,204.3289
69.2004,203.8689,204.2791
69.3004,202.6482,204.2215
69.4004,207.5311,204.1902
69.5004,208.7518,204.2166
69.6004,212.4139,204.1375
69.7004,211.1932,204.0311
69.8004,206.3104,203.9529
69.9004,203.8689,203.8831
70.0004,200.2068,203.4666
70.1004,197.7654,202.5203
70.2004,205.0896,201.1175
70.3004,208.7518,199.3196
70.4004,208.7518,197.1121
70.5004,205.0896,194.4646
70.6004,198.9861,191.4754
70.7004,185.5584,188.0525
70.8004,177.0135,184.2435
70.9004,170.91,180.0804
71.0004,164.8064,175.8558
71.1004,161.1443,171.741
71.2004,166.0271,167.7317
71.3004,164.8064,163.8265
71.4004,166.0271,160.0193
71.5004,163.5857,156.2327
71.6004,158.7029,152.4803
71.7004,153.8201,148.8299
71.8004,141.6131,145.3064
71.9004,137.951,141.8846
72.0004,134.2889,138.534
72.1004,130.6268,135.2718
72.2004,126.9646,132.0203
72.3004,126.9646,128.8304
72.4004,125.7439,125.7659
72.5004,122.0818,122.8274
72.6004,122.0818,120.0081
72.7004,115.9783,117.2044
72.8004,112.3162,114.367
72.9004,111.0955,111.5687
73.0004,109.8748,108.7815
73.1004,104.992,106.0203
73.2004,103.7713,103.4168
73.3004,102.5506,100.9173
73.4004,98.8885,98.4646
73.5004,94.0057,96.0442
73.6004,94.0057,93.6604
73.7004,90.3436,91.3436
73.8004,89.1229,89.1287
73.9004,87.9021,86.9617
74.0004,84.24,84.9344
74.1004,81.7986,82.9183
74.2004,80.5779,80.9695
74.3004,78.1365,79.0018
74.4004,79.3572,77.0042
74.5004,75.6951,75.1321
74.6004,72.033,73.2557
74.7004,70.8123,71.4104
74.8004,69.5916,69.6346
74.9004,68.3709,67.887
75.0004,65.9295,66.1517
75.1004,62.2674,64.4764
75.2004,61.0467,62.7972
75.3004,61.0467,61.16
75.4004,59.826,59.597
75.5004,57.3846,57.9344
75.6004,56.1639,56.3929
75.7004,57.3846,54.8953
75.8004,53.7225,53.4158
75.9004,51.2811,52.0452
76.0004,48.8396,50.702
76.1004,47.6189,49.3895
76.2004,46.3982,48.0823
76.3004,45.1775,46.7947
76.4004,46.3982,45.553
76.5004,43.9568,44.3904
76.6004,43.9568,43.2239
76.7004,40.2947,42.1185
76.8004,39.074,40.9974
76.9004,41.5154,39.7991
77.0004,39.074,38.6155
77.1004,36.6326,37.4461
77.2004,37.8533,36.3084
77.3004,34.1912,35.2054
77.4004,31.7498,34.0843
77.5004,34.1912,33.0496
77.6004,31.7498,32.0662
77.7004,31.7498,31.055
77.8004,31.7498,30.0833
77.9004,29.3084,29.2054
78.0004,29.3084,28.4417
78.1004,30.5291,27.678
78.2004,24.4256,26.9363
78.3004,26.867,26.2151
78.4004,25.6463,25.5003
78.5004,25.6463,24.7845
78.6004,24.4256,24.1097
78.7004,24.4256,23.4817
78.8004,20.7635,22.8411
78.9004,23.2049,22.1727
79.0004,20.7635,21.4231
79.1004,23.2049,20.7264
79.2004,19.5428,20.0784
79.3004,19.5428,19.4144
79.4004,18.3221,18.8045
79.5004,17.1014,18.1614
79.6004,18.3221,17.4222
79.7004,17.1014,16.7397
79.8004,14.66,16.0724
79.9004,17.1014,15.4709
80.0004,15.8807,14.9826
80.1004,14.66,14.4767
80.2004,13.4393,13.9425
80.3004,12.2186,13.446
80.4004,13.4393,12.9344
80.5004,12.2186,12.4629
80.6004,9.7771,12.0627
80.7004,12.2186,11.6187
80.8004,12.2186,11.22
80.9004,8.5564,10.828
81.0004,9.7771,10.4085
81.1004,12.2186,10.0308
81.2004,8.5564,9.6343
81.3004,8.5564,9.2012
81.4004,8.5564,8.8274
81.5004,7.3357,8.469
81.6004,7.3357,8.1555
81.7004,6.115,7.7719
81.8004,7.3357,7.3663
81.9004,6.115,7.0006
82.0004,6.115,6.6273
82.1004,6.115,6.2191
82.2004,4.8943,5.898
82.3004,7.3357,5.627
82.4004,6.115,5.2539
82.5004,2.4529,4.9079
82.6004,6.115,4.5304
82.7004,4.8943,4.2802
82.8004,3.6736,4.1527
82.9004,4.8943,3.9203
83.0004,3.6736,3.6303
83.1004,2.4529,3.3764
83.2004,3.6736,3.0963
83.3004,6.115,2.8251
83.4004,4.8943,2.6351
83.5004,0.0115,2.4584
83.6004,-1.2092,2.2844
83.7004,4.8943,2.0947
83.8004,-0.7785,1.818
83.9004,2.4529,1.628
84.0004,-1.2092,1.4843
84.1004,1.2322,1.3373
84.2004,2.4529,1.2037
84.3004,4.8943,1.1095
84.4004,0.0115,1.0241
84.5004,0.0115,0.8822
84.6004,0.0115,0.7553
84.7004,0.0115,0.6743
84.8004,1.2322,0.5621
84.9004,1.2322,0.4345
85.0004,-1.2092,0.344
85.1004,1.2322,0.2896
85.2004,1.2322,0.2696
85.3004,0.0115,0.2081
85.4004,-1.2092,0.1593
85.5004,-0.7785,0.1462
85.6004,-1.2092,0.1205
85.7004,-1.2092,0.0853
85.8004,-0.7785,0.0911
85.9004,0.0115,0.1202
86.0004,0.4422,0.1049
86.1004,0.0115,0.0879
86.2004,1.2322,0.0705
86.3004,2.4529,0.0604
86.4004,1.2322,0.0765
86.5004,-0.7785,0.121
86.6004,0.0115,0.175
86.7004,0.0115,0.1923
86.8004,0.0115,0.1779
86.9004,0.0115,0.1436
87.0004,0.0115,0.1329
87.1004,2.8836,0.1248
87.2004,-1.2092,0.107
87.3004,-1.2092,0.1368
87.4004,-1.2092,0.1108
87.5004,-1.2092,0.0663
87.6004,0.0115,0.0542
87.7004,-1.2092,0.0162
87.8004,-1.2092,0.0009
87.9004,-1.2092,-0.0031
88.0004,0.0115,0.0012
88.1004,1.2322,0.0123
88.2004,2.4529,0.0108
88.3004,0.0115,-0.0127
88.4004,-0.7785,-0.009
88.5004,-0.7785,-0.0063
88.6004,0.4422,-0.0402
88.7004,-0.7785,-0.0172
88.8004,-1.2092,0.0334
88.9004,-1.2092,0.0579
89.0004,-1.2092,0.0721
89.1004,1.2322,0.0786
89.2004,1.2322,0.0575
89.3004,0.0115,0.049
89.4004,0.0115,0.0428
89.5004,-0.7785,0.0516
89.6004,-1.2092,0.0775
89.7004,-1.2092,0.0756
89.8004,-0.7785,0.0407
89.9004,-0.7785,0.0122
90.0004,-1.2092,-0.0131
90.1004,0.0115,-0.0351
90.2004,-1.2092,-0.0265
90.3004,0.0115,-0.0091
90.4004,-1.2092,0.0037
90.5004,1.2322,0.0043
90.6004,-1.2092,-0.0173
90.7004,1.2322,-0.0146
90.8004,-1.2092,-0.038
90.9004,1.2322,-0.0331
91.0004,-1.2092,-0.032
91.1004,0.0115,-0.0201
91.2004,0.0115,-0.0088
91.3004,-1.2092,-0.0113
91.4004,0.0115,-0.0243
91.5004,0.0115,-0.0472
91.6004,-1.2092,-0.0515
91.7004,0.0115,-0.0713
91.8004,2.4529,-0.0492
91.9004,-1.2092,-0.0455
92.0004,-0.7785,-0.0263
92.1004,1.2322,-0.0337
92.2004,-1.2092,-0.0457
92.3004,0.0115,-0.0785
92.4004,-1.2092,-0.0816
92.5004,-1.2092,-0.0615
92.6004,0.0115,-0.0539
92.7004,-1.2092,-0.0472
92.8004,0.0115,-0.0549
92.9004,0.4422,-0.0573
93.0004,-1.2092,-0.0918
93.1004,-1.2092,-0.0952
93.2004,-0.7785,-0.0816
93.3004,-1.2092,-0.0471
93.4004,0.0115,-0.0298
93.5004,-0.7785,-0.0415
93.6004,0.0115,-0.0348
93.7004,0.0115,-0.0329
93.8004,-1.2092,-0.0439
93.9004,-0.7785,-0.0434
94.0004,0.0115,-0.0148
94.1004,2.4529,-0.0078
94.2004,0.0115,-0.0096
94.3004,0.0115,-0.019
94.4004,-0.7785,-0.037
94.5004,-1.2092,-0.0584
94.6004,-1.2092,-0.0782
94.7004,1.2322,-0.0688
94.8004,-0.7785,-0.0558
94.9004,0.4422,-0.0277
95.0004,0.4422,0.006
95.1004,1.2322,0.0126
95.2004,0.4422,0.0294
95.3004,0.0115,0.0433
95.4004,0.4422,0.0389
95.5004,-0.7785,0.0978
95.6004,-0.7785,0.1385
95.7004,-0.7785,0.1514
95.8004,-0.7785,0.1754
95.9004,0.4422,0.1517
96.0004,-0.7785,0.0996
96.1004,0.4422,0.0729
96.2004,-1.2092,0.0647
96.3004,0.0115,0.0566
96.4004,-1.2092,0.0759
96.5004,0.0115,0.0381
96.6004,0.0115,0.0056
96.7004,1.2322,-0.0306
96.8004,0.4422,-0.0565
96.9004,1.6629,-0.0519
97.0004,0.0115,0.0001
97.1004,2.4529,0.0223
97.2004,0.0115,0.0263
97.3004,-1.2092,0.0163
97.4004,0.4422,0.0054
97.5004,-0.7785,-0.0085
97.6004,4.8943,-0.0125
97.7004,0.4422,-0.0059
97.8004,0.4422,0.0057
97.9004,-1.2092,0.0077
98.0004,0.4422,-0.016
98.1004,0.0115,-0.0148
98.2004,0.0115,-0.0451
98.3004,-0.7785,-0.0634
98.4004,-0.7785,-0.0684
98.5004,0.4422,-0.0496
98.6004,-0.7785,-0.0491
98.7004,0.0115,-0.054
98.8004,-1.2092,-0.0401
98.9004,-0.7785,-0.0605
99.0004,0.0115,-0.0928
99.1004,0.4422,-0.1182
99.2004,0.4422,-0.0824
99.3004,-0.7785,-0.0588
99.4004,0.4422,-0.0424
99.5004,-0.7785,-0.032
99.6004,-0.7785,-0.0208
99.7004,0.0115,-0.0089
99.8004,0.0115,-0.0278
99.9004,0.0115,-0.0119
